d√°tum,bek√ºld≈ë,sz√≥
2025-11-05 07:56,Anci,pipogya
2025-11-06 14:47,D√≥ri,√∂sszeverbuv√°l√≥dik
2025-11-07 10:15,D√≥ri,k√©s al√° feszik
2025-11-08 12:34,D√≥ri,kil√≥g a l√≥l√°b
2025-11-09 13:57,Eni,pinty üê¶
2025-11-12 18:06,Anci,Kac√©r/kac√©rkodik
2025-11-13 12:33,Eni,szer√©ny v√©lem√©nyem szerint
2025-11-14 00:28,Eni,megy a rongyr√°z√°s üí∏
2025-11-15 13:04,Eni,r√≥zsaf√ºz√©r
2025-11-18 10:13,D√≥ri,meghuny√°szkodik
,,
2021-01-21 19:46,D√≥ri,mal≈ër
,,
,,
2021-01-22 20:33,Eni,Makul√°tlan
2021-01-23 10:01,Eni,H≈±h√≥
2021-01-25 20:34,Eni,Nyavaja
,,
,,
2021-01-26 16:44,Anci,Zeherny√©s
,,
,,
,,
,,
,,
,,
2021-01-27 22:14,Eni,Hacuka
2021-01-30 23:55,Anci,Tencsere
2021-01-31 18:00,Eni,Ny√ºzsi
2021-02-02 16:09,D√≥ri,paplan
2021-02-03 10:29,D√≥ri,modus ponens
,,
,,
2021-02-03 16:48,D√≥ri,diszjunkt√≠v szillogizmus
,,
,,
,,
,,
,,
2021-02-05 12:44,Anci,Kocaforg√≥
2021-02-06 21:42,Eni,Cs≈ëricse
,,
2021-02-07 20:23,Eni,Csecsebecse
,,
,,
2021-02-11 19:50,D√≥ri,vil√°jet
2021-02-12 15:14,Anci,"""El e tudom indittani"" (idezet G√∂dr√©b≈ël)"
,,
,,
2021-02-13 11:51,D√≥ri,statu√°l
,,
,,
,,
,,
2021-02-15 9:29,D√≥ri,titoknok
,,
,,
,,
,,
,,
,,
,,
,,
,,
,,
,,
,,
2021-02-16 8:15,Anci,Tritik√°l√©
,,
,,
,,
,,
,,
,,
,,
,,
,,
,,
,,
,,
,,
,,
,,
,,
,,
,,
2021-02-16 22:11,Eni,Cs≈ëcsel√©k
,,
,,
,,
,,
,,
,,
,,
,,
,,
,,
,,
,,
2021-02-23 19:17,D√≥ri,somm√°s elj√°r√°s
,,
,,
,,
,,
,,
,,
,,
,,
,,
2021-02-24 15:21,D√≥ri,cec√≠li√°zni
2021-02-25 12:03,D√≥ri,viszhall
,,
2021-02-26 21:44,Eni,Umlaut
2021-02-27 21:46,Anci,√Åmbr√°nscet
2021-02-28 13:36,Eni,Tap√©ta
,,
,,
,,
,,
,,
,,
,,
,,
,,
,,
,,
2021-03-06 12:04,D√≥ri,sarj
,,
,,
,,
,,
,,
,,
,,
,,
,,
,,
,,
,,
,,
,,
,,
,,
,,
,,
,,
2021-03-08 19:42,Eni,Reperto√°r
,,
,,
,,
,,
,,
,,
2021-03-09 21:48,D√≥ri,calculi
,,
,,
,,
,,
,,
,,
,,
,,
,,
,,
,,
,,
2021-03-12 14:39,Eni,Cinege
,,
,,
2021-03-14 13:02,Eni,Summa
2021-03-15 11:51,D√≥ri,rekami√©
,,
2021-03-16 12:13,Eni,Bulv√°r
,,
,,
2021-03-17 10:36,D√≥ri,napi betev≈ë
,,
,,
,,
,,
2021-03-18 19:44,D√≥ri,flancos
2021-03-21 22:55,D√≥ri,siketfajd
2021-03-22 18:39,Eni,Kalamajka
2021-03-24 19:05,Eni,Tinkt√∫ra
2021-04-05 21:09,D√≥ri,reszponz√≠v
2021-04-09 20:41,D√≥ri,bojlertest
2021-04-10 14:08,D√≥ri,≈±rlap
,,
2021-04-13 21:31,Eni,Eg√°l
,,
,,
,,
,,
,,
,,
,,
,,
,,
,,
,,
,,
,,
,,
,,
,,
2021-04-14 14:38,D√≥ri,dzs√∂rz√©
2021-04-19 17:29,D√≥ri,√©lelem
2021-04-21 11:22,Anci,Jurda
,,
,,
,,
,,
,,
,,
,,
,,
,,
,,
,,
,,
,,
,,
,,
,,
,,
,,
,,
,,
,,
,,
,,
,,
,,
,,
,,
,,
,,
,,
,,
,,
,,
,,
,,
,,
,,
,,
,,
,,
,,
,,
,,
,,
,,
,,
,,
,,
,,
,,
,,
,,
,,
,,
,,
,,
,,
,,
,,
,,
,,
,,
,,
,,
,,
,,
,,
,,
,,
,,
,,
,,
,,
,,
,,
,,
,,
2021-04-24 11:48,Anci,Pipe
2021-04-26 16:01,Eni,Kef√≠r
,,
2021-04-27 15:12,Anci,B√©lboholy
,,
,,
,,
,,
2021-04-29 14:14,D√≥ri,kozlony
,,
,,
2021-05-02 9:44,Anci,Cimbalom
2021-05-03 20:03,Eni,Par√°d√©
2021-05-05 15:16,D√≥ri,h≈±b√©r√∫r
,,
,,
2021-05-06 17:21,Anci,Cakumpakk
,,
,,
,,
,,
2021-05-08 19:25,Anci,Kurkuma
2021-05-10 12:42,Eni,Pang
,,
,,
2021-05-11 13:34,Eni,Pitypang
,,
2021-05-12 17:10,Eni,Majszol
2021-05-13 5:53,Anci,Kasp√≥
2021-05-14 11:30,Eni,Csersz√∂m√∂rce
,,
,,
,,
,,
,,
,,
,,
,,
,,
,,
,,
,,
,,
,,
,,
,,
,,
,,
,,
,,
,,
,,
,,
,,
,,
,,
,,
2021-05-15 21:05,Eni,D√∂mping
,,
,,
,,
,,
,,
2021-05-17 16:15,Eni,F√°jl
,,
2021-05-18 12:19,Anci,Degesz
,,
,,
2021-05-19 11:13,D√≥ri,or√°kulum
,,
2021-05-21 20:51,Anci,Vakcin√°ci√≥
,,
,,
,,
,,
,,
,,
,,
,,
,,
,,
2021-05-22 14:13,Eni,Cetli
,,
2021-05-23 14:19,D√≥ri,mafl√°s
,,
,,
2021-05-24 9:31,D√≥ri,elkenyeztetett elkenyezteto elkenyeztetendo
,,
,,
,,
,,
,,
,,
2021-05-25 15:54,D√≥ri,sil√≥
,,
,,
,,
,,
,,
,,
,,
2021-05-26 13:40,D√≥ri,adekv√°t
,,
,,
,,
,,
,,
,,
,,
,,
,,
,,
,,
,,
2021-06-02 11:42,Anci,"""Magyarorsz√°gon nincsenek k√≠gy√≥k, csak sikl√≥k"" /Tan√°r √ör/"
,,
2021-06-05 8:25,Eni,N√ºansz
,,
2021-06-06 0:09,Eni,Aknatalan√≠t√°s
,,
,,
,,
,,
,,
2021-06-06 20:02,Anci,G√∂rh√∂ny
,,
,,
,,
,,
,,
,,
,,
,,
,,
,,
,,
,,
2021-06-08 23:10,Eni,Skacok
2021-06-10 16:23,Eni,Sop√°nkodnj
,,
,,
2021-06-15 16:51,Eni,Bugyuta
,,
,,
2021-06-16 12:48,D√≥ri,maholnap
,,
,,
,,
,,
,,
2021-06-17 17:54,Eni,Koma
,,
,,
,,
,,
2021-06-20 14:35,Eni,Piszk√≠t
,,
,,
,,
,,
,,
2021-06-21 12:54,Eni,Kipurcan
,,
2021-06-21 20:33,Eni,Nem nagy kunszt
,,
2021-06-22 11:23,Anci,Kukkant
,,
,,
,,
,,
,,
,,
2021-06-30 9:32,Eni,T√∂mzsi
2021-06-30 13:34,D√≥ri,dejo dejo
,,
,,
2021-07-02 21:14,Eni,Kecsegtet≈ë
,,
,,
,,
,,
,,
,,
,,
2021-07-04 21:37,D√≥ri,szerv√°l (az √°llat)
,,
,,
,,
,,
,,
,,
2021-07-05 20:23,D√≥ri,r√°gcs√°l√≥
,,
2021-07-07 14:27,Eni,P√∂pec
,,
,,
2021-07-08 9:01,D√≥ri,√©henk√≥r√°sz
,,
,,
,,
,,
2021-07-09 13:09,Anci,Pity√≥ka
,,
2021-07-12 11:18,D√≥ri,eln√°sp√°ngol
,,
,,
,,
,,
2021-07-13 8:12,Eni,Mi a m√©nk≈±
2021-07-14 12:36,Eni,Flakon
2021-07-15 7:16,Eni,Kaksimaksi
,,
2021-07-15 19:25,D√≥ri,√ºl≈ëalkalmatoss√°g
,,
,,
,,
,,
,,
,,
,,
2021-07-16 19:42,Anci,Csecsen
,,
2021-07-17 14:35,D√≥ri,√∂sszek√ºl√∂nb√∂zni
,,
2021-07-18 10:33,D√≥ri,ringlisp√≠l
,,
,,
2021-07-19 14:23,D√≥ri,ny√∫lka-piszka
,,
,,
,,
2021-07-20 15:39,D√≥ri,demizson
,,
,,
,,
,,
,,
,,
,,
,,
,,
,,
,,
2021-07-21 8:10,Anci,D√∂d√∂lle
,,
,,
,,
,,
,,
,,
,,
,,
,,
,,
2021-07-22 10:51,Eni,G√∂nc
,,
,,
2021-07-24 10:53,Anci,√ârz√©keny√≠t√©s
,,
,,
2021-07-25 9:59,Eni,G√©l
,,
,,
,,
,,
,,
,,
,,
,,
2021-07-27 7:39,Eni,F√ºrt
,,
,,
,,
,,
,,
,,
2021-07-28 9:39,Eni,Ricsaj
,,
,,
,,
,,
,,
2021-07-29 14:56,Eni,Pusmog
,,
2021-07-30 20:55,Anci,Bukfencet h√°ny
,,
,,
2021-07-31 0:23,D√≥ri,lakomat csap
,,
,,
2021-08-02 11:35,Eni,Fortyog
2021-08-03 10:22,D√≥ri,nem leszek a sz√ºrk√©k heged≈ëse
,,
,,
2021-08-05 14:03,Eni,Majr√©
,,
2021-08-06 20:23,Anci,Ul√°szl√≥
,,
,,
,,
,,
2021-08-07 9:58,Eni,Perk√°l
,,
,,
2021-08-08 19:09,Anci,Balalajka
,,
,,
,,
,,
2021-08-10 17:20,Eni,G√∂ngy√∂l
,,
2021-08-11 13:03,Anci,Szabot√°zs
2021-08-14 9:36,D√≥ri,r√∂gvest
,,
2021-08-15 11:58,Eni,Nat√∫r
,,
,,
2021-08-16 10:11,D√≥ri,fi√≥kgy√≥gyszert√°r
,,
,,
,,
2021-08-17 12:05,Anci,Pipere
2021-08-18 11:41,Eni,Porongy
,,
,,
,,
,,
,,
,,
,,
,,
,,
2021-08-24 11:41,D√≥ri,cvekedli
,,
,,
,,
,,
,,
,,
,,
,,
,,
,,
,,
,,
,,
,,
,,
2021-08-25 23:20,Anci,Csoll√°ny
,,
,,
,,
,,
,,
,,
,,
,,
,,
,,
,,
2021-08-26 9:05,D√≥ri,nap kifejezese: nem t√°g√≠t
,,
,,
,,
,,
,,
,,
,,
2021-08-27 11:19,Anci,"""Ne paz√°lj!"""
,,
,,
,,
,,
,,
,,
,,
2021-08-28 16:25,Eni,F√ºllent
,,
2021-08-29 10:53,D√≥ri,en azon filoztak tegnap h mennyire undi mar az h szennyes
,,
,,
,,
,,
,,
,,
,,
,,
,,
2021-08-30 7:50,Eni,Neszeszer
,,
,,
,,
,,
,,
,,
,,
,,
,,
,,
,,
,,
,,
,,
,,
,,
,,
,,
,,
,,
,,
,,
,,
,,
,,
,,
,,
2021-09-02 17:33,Eni,Fial
,,
2021-09-03 23:44,D√≥ri,szafal√°d√©
,,
,,
2021-09-04 18:24,D√≥ri,medicinlabda
,,
,,
2021-09-07 8:11,Eni,Galiba
,,
2021-09-09 13:54,Eni,Sertepert√©l
,,
,,
,,
,,
,,
2021-09-10 13:02,Eni,K√≥tyavety√©l
,,
2021-09-11 15:25,Anci,Karattyol
,,
,,
2021-09-14 18:56,D√≥ri,g√∂ngy√∂leg
,,
2021-09-16 22:49,D√≥ri,keresetlen sz√≥
2021-09-18 13:45,Anci,Kalyiba
,,
2021-09-19 21:38,D√≥ri,√ºgyetlen
2021-09-20 10:07,Eni,Embl√©ma
,,
2021-09-24 11:42,Eni,Sop√°nkodik
2021-09-26 11:58,Anci,Sum√°k
,,
2021-09-27 17:25,D√≥ri,nap kifekezese: eszem agaban sincs
,,
,,
2021-09-27 17:27,D√≥ri,vagy makfajta
,,
,,
,,
,,
,,
2021-09-30 19:12,Eni,Egy slukk
,,
2021-10-03 12:09,Eni,Hosszu√∫jj√∫
,,
,,
,,
,,
,,
,,
,,
,,
,,
2021-10-08 7:58,Eni,Dolgozolm√°ma
,,
,,
,,
,,
,,
2021-10-10 17:31,Eni,R√ºgy
,,
,,
,,
,,
,,
,,
,,
,,
,,
2021-10-15 9:31,Anci,Kugli
,,
,,
2021-10-18 10:17,Anci,Borsosmentalev√©l
,,
,,
,,
,,
,,
,,
,,
,,
,,
,,
,,
2021-10-28 9:00,Anci,Laca-faca
,,
,,
,,
,,
,,
,,
,,
,,
2021-11-06 17:47,Anci,Cuppan
2021-11-07 16:56,D√≥ri,oltast felvenni
,,
,,
,,
,,
2021-11-09 13:37,Eni,Kegyes
,,
2021-11-13 10:09,Anci,Kilincs
,,
,,
,,
,,
,,
2021-11-18 21:40,Eni,P√∂khendi
,,
2021-11-23 9:46,Anci,Giccs
2021-11-26 10:32,Eni,Szutyi
2021-11-28 21:41,Eni,Ingyom-bingyom
,,
,,
,,
,,
2021-11-30 9:35,Anci,Kalyiba
,,
,,
,,
,,
,,
,,
,,
,,
,,
,,
,,
2021-12-02 16:31,Anci,Kobak
,,
,,
,,
2021-12-03 15:39,Eni,Hesszel
,,
,,
,,
2021-12-05 0:00,D√≥ri,r√ºhell
,,
,,
,,
,,
,,
,,
,,
,,
2021-12-06 7:45,Eni,Puh√°ny
2021-12-07 22:13,Eni,Cs√°mp√°s
2021-12-08 7:31,Anci,Smucig
,,
2021-12-09 21:38,Eni,Hark√°ly
,,
,,
2021-12-10 12:34,Anci,Pr≈±d
,,
2021-12-11 14:19,Eni,Puttony
2021-12-12 0:27,D√≥ri,n≈ëszem√©ly
,,
,,
2021-12-14 19:59,Eni,Bombi
,,
,,
,,
,,
,,
,,
,,
,,
2021-12-17 10:07,Eni,Mel√≠r
2021-12-18 0:38,Eni,Lefetyel
,,
,,
,,
,,
,,
,,
,,
2021-12-20 19:30,Anci,Gyagya
,,
,,
,,
,,
2021-12-23 0:00,D√≥ri,ne habozz
,,
2021-12-24 20:50,Eni,Spen√≥t
,,
,,
,,
2021-12-25 0:02,D√≥ri,egyt√°l√©ltel
,,
,,
,,
,,
2021-12-26 8:32,D√≥ri,mosolyt csal valaki arcara
2021-12-28 19:55,Eni,Bugyol√°l
,,
,,
,,
,,
,,
,,
2022-01-01 0:05,Anci,B√ö√âK
,,
,,
2022-01-01 15:13,D√≥ri,ember√∂lt≈ë
2022-01-02 15:38,D√≥ri,c√∂lebsz
,,
,,
,,
,,
,,
,,
2022-01-03 10:22,Eni,Mili≈ë
,,
,,
,,
,,
,,
,,
2022-01-04 13:42,D√≥ri,√∂sszer√∂ffen√©s
,,
,,
,,
,,
,,
,,
2022-01-05 15:43,Eni,R√≠
,,
,,
,,
2022-01-06 5:59,Eni,Teend≈ë
,,
,,
2022-01-07 21:57,Eni,√ìl√°lkodik
,,
,,
,,
2022-01-08 12:53,Anci,Szt√°rall≈±r
,,
,,
,,
,,
,,
,,
,,
2022-01-09 8:54,D√≥ri,lesz nemulass
,,
,,
2022-01-10 20:31,Anci,Pipa
,,
,,
2022-01-11 9:58,Eni,√ñb√∂l
,,
,,
,,
2022-01-13 12:07,Anci,Kerepl≈ë
,,
,,
,,
,,
,,
,,
,,
,,
,,
,,
,,
,,
2022-01-14 18:24,Eni,Fick√≥ Fick√≥
,,
,,
2022-01-15 16:18,Anci,Traccsol
,,
,,
,,
2022-01-17 18:16,D√≥ri,pazar
2022-01-18 7:17,Anci,Cs≈ëcsel√©k
,,
,,
,,
,,
,,
,,
,,
,,
,,
,,
,,
,,
,,
2022-01-18 18:55,Eni,Nincs c√©c√≥
,,
,,
,,
,,
2022-01-18 20:43,Anci,"""Ne paz√°lj"""
,,
,,
,,
,,
,,
,,
,,
,,
,,
,,
,,
,,
,,
,,
,,
,,
,,
,,
,,
2022-01-19 11:51,D√≥ri,szavak embere
,,
2022-01-20 22:39,Anci,Par√°d√©
,,
,,
,,
2022-01-22 8:18,D√≥ri,archet√≠pus
,,
,,
,,
,,
,,
,,
,,
,,
,,
2022-01-23 17:42,Eni,Taszig√°l
,,
2022-01-24 18:11,Eni,"L√©gy, ami lenn√©l: f√©rfiA f? kin? ut√°nad"
,,
,,
,,
,,
2022-01-25 22:30,Eni,Incselkedik
,,
,,
2022-01-26 12:13,Anci,Paraj??
,,
,,
,,
2022-01-27 10:04,Eni,B√∂mb√∂l
,,
,,
2022-01-28 15:38,Eni,Eszk√°b√°l
,,
,,
2022-01-29 10:00,Eni,Hajcih?
,,
,,
,,
,,
,,
,,
,,
,,
,,
,,
,,
,,
,,
,,
,,
,,
,,
,,
2022-02-01 23:03,Eni,Textil
,,
2022-02-02 17:18,D√≥ri,turpiss√°g
,,
,,
,,
2022-02-03 20:34,Anci,C√©kla
2022-02-04 11:02,Eni,"Ha nincs eszed, legyen noteszed"
,,
,,
,,
2022-02-05 19:01,Anci,Voki toki
,,
,,
,,
2022-02-10 11:21,Anci,Kakukkol
,,
2022-02-15 10:25,Anci,Nem marad rest
2022-02-19 11:25,Eni,Legel
,,
2022-02-21 11:23,Eni,Finny√°s
,,
2022-02-27 13:02,Anci,Salabakter
,,
,,
,,
,,
,,
,,
,,
2022-03-01 18:06,Anci,Hacac√°r√©
,,
,,
,,
,,
,,
,,
2022-03-05 13:07,Anci,Mosl√©k
,,
,,
,,
,,
,,
2022-03-07 20:58,D√≥ri,enberl√°nya
,,
2022-03-08 19:52,Anci,Karal√°b
2022-03-09 20:53,Eni,Rotring
,,
2022-03-10 14:03,Anci,Klopfol
2022-03-11 14:13,Eni,Szerelm√ºnk bimbaja
,,
2022-03-13 14:53,Anci,Nincs apell√°ta
,,
,,
,,
,,
2022-03-15 20:26,D√≥ri,paszuly
,,
,,
,,
,,
,,
,,
,,
,,
2022-03-16 11:35,Eni,Tiszta sor
,,
,,
,,
,,
,,
,,
,,
,,
,,
,,
,,
,,
,,
,,
,,
,,
,,
,,
,,
,,
,,
,,
,,
,,
,,
,,
,,
,,
,,
,,
,,
,,
,,
,,
,,
,,
,,
,,
,,
,,
,,
,,
,,
,,
,,
,,
,,
,,
,,
,,
,,
,,
,,
,,
,,
,,
,,
,,
2022-03-17 16:10,Anci,Tuja
,,
,,
2022-03-18 23:33,Anci,Elveti a sulykot
,,
2022-03-20 23:51,Anci, 
2022-03-21 15:44,Anci,Tucat
,,
2022-03-23 23:09,D√≥ri,z√∂lds√©g
2022-03-24 10:25,Eni,Guriga
,,
,,
2022-03-25 10:25,D√≥ri,m√≥kol
,,
,,
2022-03-27 10:08,D√≥ri,t√∫l√≥ra
,,
,,
2022-03-28 10:18,Eni,Vityill√≥
,,
,,
,,
,,
,,
,,
,,
,,
,,
,,
2022-03-31 18:59,Anci,Tepik
,,
,,
,,
,,
,,
,,
,,
,,
,,
,,
,,
,,
,,
,,
,,
,,
,,
2022-04-02 12:44,Eni,Leledzik
,,
2022-04-06 22:00,Anci,Totem
2022-04-10 11:56,Eni,Voksol
,,
2022-04-22 12:09,Anci,Klotild
,,
,,
,,
,,
2022-04-29 8:28,Eni,Gerle
,,
,,
,,
,,
,,
,,
,,
2022-05-01 11:56,Anci,tepszi
,,
,,
,,
,,
,,
,,
2022-05-03 18:54,Eni,Lifeg
,,
2022-05-09 10:03,D√≥ri,nem mai csirke nem mai csirke
,,
,,
,,
2022-05-16 21:44,Anci,Pipacs 
,,
2022-05-21 20:05,Eni,Billenty≈±

2022-10-15 21:43,D√≥ri,kettot es konnyebbet
,,
,,
,,
,,
2022-10-17 22:42,D√≥ri,h√≥belevanc
2022-10-17 22:42,D√≥ri,(magyarul c√≥km√≥k)
,,
,,
,,
,,
,,
,,
,,
,,
,,
,,
,,
,,
,,
,,
,,
,,
,,
,,
,,
,,
,,
,,
,,
,,
,,
2022-10-19 12:35,Anci,Toka
2022-10-22 20:28,D√≥ri,megsp√©kel
,,
,,
,,
,,
2022-10-23 11:09,Eni,Cs√≠nja-b√≠nja
2022-10-24 0:00,Eni,Emberek vagyunk  hib√°zunk!
2022-10-24 12:50,D√≥ri,rongyosra hallgat
,,
,,
,,
,,
,,
,,
,,
,,
,,
2022-10-25 8:15,Anci,Kampfanzug
,,
,,
,,
,,
2022-10-26 0:00,D√≥ri,avanzs√°l
,,
,,
,,
,,
,,
2022-10-26 0:11,Anci,T√ºst√©nt
2022-10-29 10:09,Anci,Zsalug√°ter
,,
,,
,,
2022-10-30 21:35,D√≥ri,uccu
2022-10-31 21:24,Anci,Budo√°r
2022-11-01 13:07,Eni,Durc√°s
2022-11-02 12:54,D√≥ri,azt se tudja  eszik-e vagy issz√°k
,,
2022-11-03 12:03,Anci,Jungfrau
,,
2022-11-04 7:34,Eni,Mufurc
2022-11-05 11:04,D√≥ri,√°lomszusz√©k
2022-11-06 16:57,D√≥ri,buksi
,,
2022-11-07 11:04,Anci,Revans
,,
2022-11-09 18:07,D√≥ri,avanzs√°l
2022-11-10 9:54,Eni,Spongy√°t r√°
,,
,,
,,
,,
,,
,,
,,
,,
,,
2022-11-11 14:46,Anci,Csics√≥ka
,,
2022-11-14 10:19,D√≥ri,szeg√©ny p√°ra
2022-11-15 8:49,Eni,Vityill√≥
2022-11-16 18:21,Anci,Kord√©
,,
2022-11-18 10:13,Anci,Grenad√≠rmars
,,
,,
,,
,,
,,
,,
,,
,,
,,
2022-11-19 11:21,D√≥ri,ildomos
,,
,,
,,
,,
,,
2022-11-20 10:40,Eni,Makram√©
,,
,,
,,
2022-11-21 12:43,Anci,P√ºr√©
,,
,,
2022-11-22 9:33,Eni,Hist√≥ria
2022-11-24 14:57,Anci,Tatu
,,
,,
,,
,,
,,
,,
,,
,,
,,
,,
,,
,,
,,
2022-11-25 14:12,Eni,Egetrenget≈ë
,,
,,
2022-11-26 14:55,Eni,P√°c
2022-11-27 15:38,Eni,Nyoszoly√≥
,,
,,
2022-11-28 11:23,Anci,Specle
,,
,,
,,
,,
2022-12-01 19:03,Anci,Csicseribors√≥
,,
,,
,,
,,
2022-12-05 18:45,D√≥ri,bus√°san megjutalmaz
,,
,,
,,
,,
,,
,,
,,
,,
2022-12-06 16:34,Anci,K√©szp√©nznek vesz
,,
,,
,,
,,
2022-12-08 8:37,Eni,Bros√∫ra
2022-12-08 20:17,Eni,Bross√∫ra
2022-12-09 9:23,Anci,Eszem √°g√°ban sincs
2022-12-10 12:32,D√≥ri,v√°rva v√°rt
2022-12-11 8:33,Eni,Petymeg
,,
2022-12-12 22:44,D√≥ri,csillamos
2022-12-13 11:59,Anci,Vegan√©z
,,
,,
,,
,,
,,
,,
,,
,,
,,
,,
2022-12-18 16:28,Eni,Ripity√°ra t√∂rik
2022-12-19 9:38,D√≥ri,any√°m borogass
2022-12-20 11:35,Anci,Kuty√°ba se vesz
2022-12-21 22:46,D√≥ri,tisztasor
,,
,,
,,
,,
,,
,,
,,
,,
,,
,,
2022-12-23 18:51,Eni,Balkon
,,
,,
,,
,,
,,
,,
,,
,,
,,
,,
,,
2022-12-26 19:26,D√≥ri,megeszem a kalapom
2022-12-27 6:25,Eni,Fagylalt k√∂ltem√©ny
,,
2022-12-28 11:05,Anci,Nincs apell√°ta
2022-12-29 14:41,D√≥ri,s√≠nk√∂sz√∂r≈±
,,
,,
,,
,,
,,
,,
,,
,,
,,
,,
,,
,,
,,
,,
,,
,,
,,
2022-12-30 22:49,D√≥ri,v√©ka al√° rejt
,,
,,
,,
,,
,,
,,
2023-01-02 23:15,D√≥ri,pikkpakk
,,
,,
,,
,,
,,
,,
,,
2023-01-04 16:14,D√≥ri,valag
,,
,,
,,
,,
,,
2023-01-04 16:55,Eni,Trag√©dia
,,
,,
,,
,,
2023-01-05 13:46,D√≥ri,keser√©des
,,
,,
,,
,,
2023-01-06 10:22,Eni,Titul√°l
2023-01-07 10:26,Eni,Gond egy sz√°l se
2023-01-08 10:17,Anci,Pipetta
,,
,,
,,
,,
2023-01-09 16:39,Eni,‚ÄúHa p√©ld√°ul sok szarvas egy√ºtt vonul  akkor az egy vonul√≥ szarvasrudli‚Äù
,,
,,
,,
,,
,,
,,
2023-01-11 15:34,Eni,Hangya bok√°nyi
,,
,,
,,
,,
,,
,,
,,
,,
2023-01-12 12:57,D√≥ri,nem t√°g√≠t
,,
2023-01-13 10:19,Eni,Osttfyasszonyfa
,,
,,
,,
,,
,,
,,
,,
2023-01-14 11:51,D√≥ri,krikszkraksz
2023-01-15 17:16,D√≥ri,b≈±nronda
2023-01-16 13:07,D√≥ri,√ºsse kavics
,,
2023-01-16 17:19,Anci,epret szed=meggazdagszik
,,
,,
,,
,,
,,
,,
,,
,,
,,
,,
,,
,,
,,
2023-01-17 17:49,D√≥ri,savany√∫ k√©pet v√°g
,,
,,
,,
,,
,,
,,
,,
,,
,,
,,
,,
,,
2023-01-18 16:48,D√≥ri,minden mi szem sz√°jnak ingere
,,
,,
,,
,,
,,
,,
2023-01-20 14:43,Anci,Latyak
,,
,,
,,
,,
,,
,,
,,
2023-01-21 10:41,Eni,Elb√≥biskol
,,
,,
,,
,,
,,
,,
,,
,,
,,
,,
2023-01-22 10:32,D√≥ri,bakt√©r√≠t≈ë
,,
,,
,,
,,
2023-01-23 22:56,D√≥ri,t√©ny √©s val√≥
2023-01-24 17:29,Eni,csapod√°r
,,
,,
,,
,,
,,
2023-01-25 12:44,Anci,Csukma
,,
2023-01-26 14:27,D√≥ri,pocskondi√°z(ik?)
2023-01-27 21:04,D√≥ri,b≈ës√©gszaru
,,
,,
,,
,,
,,
,,
,,
,,
,,
,,
,,
,,
,,
,,
,,
,,
2023-01-28 10:55,Anci,√ìl√°lkodik
2023-01-30 16:50,D√≥ri,otthagy csapot papot
,,
2023-01-31 17:37,D√≥ri,alapj√°raton
2023-02-03 11:50,Anci,Ebadta
,,
,,
,,
,,
,,
,,
,,
2023-02-05 10:31,D√≥ri,a teringett√©t
,,
,,
,,
,,
,,
,,
,,
,,
2023-02-07 22:13,D√≥ri,istenigaz√°b√≥l
2023-02-08 8:41,Anci,Sezlony
,,
2023-02-08 10:39,Anci,.... mint √∂reg n√©ni a sezlonyr√≥l
,,
2023-02-08 18:00,Anci,"Lel√©p, mint s√°nta h√∂lgy a sezlonyr√≥l"
,,
,,
2023-02-09 10:17,Anci,"A magad szeminek higgy, mint a b√ºd√∂sfai borj√∫"
,,
,,
,,
,,
,,
,,
,,
,,
,,
,,
,,
,,
,,
,,
,,
2023-02-09 22:57,Anci,"A semmib≈ël...√©s aszongya h ""v√∂r√∂shagyma  fokhagyma  koldus szar a torkodra"""
2023-02-11 19:05,Anci,Dunsztom sincs
,,
,,
,,
,,
,,
2023-02-13 11:33,D√≥ri,cs√°csumics≈ë
2023-02-14 22:27,Anci,K√∂p√∂ly
,,
,,
2023-02-15 16:22,D√≥ri,nem kertel
2023-02-17 18:58,Anci,Tombola
2023-02-18 11:16,D√≥ri,fityfiritty
2023-02-21 10:52,D√≥ri,s√©r√≥
2023-02-22 8:59,Anci,Piedeszt√°lra emel
,,
,,
,,
2023-02-23 13:01,D√≥ri,sz√∂rny≈±lk√∂dik
2023-02-24 13:45,Anci,Piszo√°r
2023-02-24 17:35,D√≥ri,vizelde
2023-02-25 10:03,D√≥ri,Ablak zsir√°f
,,
,,
,,
,,
,,
,,
,,
,,
,,
,,
,,
,,
,,
2023-02-26 11:49,D√≥ri,csatavesztett
,,
2023-03-02 10:24,Anci,J√∫d√°sf√ºlegomba
,,
,,
,,
,,
2023-03-05 16:53,Anci,Pipa
2023-03-06 8:04,D√≥ri,t√°pp√©nz
2023-03-07 22:14,Anci,Felfedezte a ty√∫ksz√¶rban az √ºt≈ëeret
2023-03-11 9:56,D√≥ri,f≈±t f√°t √≠g√©r
2023-03-13 10:00,D√≥ri,√≠zeltl√°b√∫ak
,,
,,
,,
,,
,,
,,
2023-03-14 12:26,Anci,Kok√°rda
2023-03-15 15:14,D√≥ri,mez√≠telen
,,
,,
,,
2023-03-16 13:41,Anci,Fityfene
2023-03-17 9:42,D√≥ri,egyet se felj
2023-03-18 10:28,Anci,"√ögy megr√°zn√°m, mint Krisztus a varg√°t"
,,
,,
2023-03-19 11:22,D√≥ri,atrocit√°s
2023-03-20 13:01,Anci,Padlizs√°n
2023-03-21 0:03,D√≥ri,tall√≥z√°s
,,
2023-03-21 21:25,Anci,Kurkuma
,,
,,
,,
2023-03-25 13:22,Anci,P√ºtty
2023-03-26 15:41,Eni,Habzsid≈ëzsi
,,
,,
,,
,,
,,
,,
,,
,,
,,
,,
,,
,,
,,
,,
,,
,,
,,
,,
,,
,,
,,
2023-03-27 10:06,D√≥ri,b√≥vli
,,
2023-03-28 1:51,Eni,Molekula
2023-03-29 9:39,D√≥ri,mi merre h√°ny m√©ter
,,
2023-03-30 20:27,Anci,L√°bty≈±
,,
,,
,,
,,
,,
2023-03-31 9:53,D√≥ri,megsasol
,,
,,
,,
,,
,,
2023-04-01 8:25,Eni,√Åprilis bolondja
2023-04-02 0:06,Eni,F√©ln√≥t√°s
2023-04-03 18:16,D√≥ri,t≈ësgy√∂keres
2023-04-04 11:58,Anci,F√©ltestv√©r
,,
,,
,,
,,
2023-04-05 15:26,D√≥ri,nem egy nagy wasistdas
,,
2023-04-06 9:15,Anci,Nem ≈ë a leg√©lesebb k√©s a fi√≥kban
,,
2023-04-07 10:29,Eni,Mennyk≈ë
2023-04-08 10:21,Eni,N√≥n√©m
,,
,,
,,
2023-04-09 0:08,D√≥ri,p√°rj√°t ritk√≠tja
,,
,,
,,
2023-04-10 10:11,Eni,Hiedelem
,,
,,
,,
2023-04-11 0:01,Anci,Se szeri  se sz√°ma
,,
,,
,,
,,
,,
,,
,,
2023-04-12 1:38,D√≥ri,kerek perec
2023-04-12 11:58,Eni,Nem is kerek!
,,
,,
2023-04-13 8:59,Eni,Gyolcs
,,
,,
,,
,,
,,
,,
,,
,,
,,
2023-04-14 20:28,Eni,Gyep
,,
2023-04-15 8:12,Anci,Zokon vesz
2023-04-15 8:47,Anci,Meg ugy is elofordul h zoksz√≥
,,
,,
2023-04-16 18:02,Anci,Umlaut
,,
2023-04-16 18:39,D√≥ri,errol eszembe jutott a s√°rfeszesz
,,
2023-04-17 11:49,D√≥ri,cs√ºt√∂rt√∂k magass√°g√°ban
,,
2023-04-18 11:21,Anci,Nikkelbolha
,,
2023-04-19 10:56,Eni,Szelv√©ny
,,
,,
2023-04-21 8:41,Eni,Miz√©ria
,,
,,
2023-04-23 9:22,Eni,Magasf√∂ldszint
,,
2023-04-24 8:26,Anci,Staf√©rung
,,
2023-04-25 19:46,D√≥ri,mondvacsin√°lt
,,
,,
,,
,,
,,
,,
,,
2023-04-26 8:22,Eni,Bugyor (bugyra)
,,
2023-04-27 12:49,D√≥ri,net√°nt√°n
2023-04-27 21:31,Eni,De ez nem netal√°nt√°n?
,,
,,
2023-04-28 16:31,Eni,D√©lceg
,,
2023-04-29 11:35,Anci,Lagymatag
,,
2023-04-30 14:50,D√≥ri,kiteregette a szennyest (√°tvitt √©rtelembe)
2023-05-01 16:43,Anci,Elk√≥tyavety√©l
,,
,,
2023-05-02 12:30,D√≥ri,emberpr√≥b√°l√≥
2023-05-02 13:17,D√≥ri,√çgy helyes: emberpr√≥b√°l√≥ √©s embert pr√≥b√°l√≥
,,
,,
,,
2023-05-03 11:05,Eni,B√∂rze
,,
,,
,,
,,
,,
,,
2023-05-04 10:26,D√≥ri,felr√≥
,,
2023-05-05 8:49,Eni,Selyp√≠t
2023-05-06 8:56,Eni,Kisilabiz√°l
,,
,,
,,
,,
,,
,,
,,
,,
,,
,,
,,
,,
,,
,,
,,
,,
2023-05-07 18:05,Eni,A pudel az oszk√°r bimbi meg a neve
,,
,,
2023-05-07 19:59,Eni,Mint a luxusdampfer
2023-05-08 9:06,Anci,Kuty√°b√≥l nem lesz szalonna
,,
,,
,,
,,
,,
,,
2023-05-09 9:07,Eni,Sz√≠n√ºltig
,,
,,
,,
,,
,,
2023-05-09 18:28,Eni,Huncut
,,
,,
2023-05-10 13:42,D√≥ri,miheztart√°s v√©gett
,,
,,
,,
2023-05-12 12:09,D√≥ri,ombudsman
2023-05-13 8:28,Anci,Pereputty
,,
,,
2023-05-14 12:21,D√≥ri,her√≥t
,,
2023-05-15 11:33,D√≥ri,n√≥gat
,,
2023-05-16 9:34,D√≥ri,k√∂pni nyelni nem tudtam
2023-05-17 8:09,Anci,Megmondja kerek perec
2023-05-18 10:22,Anci,Kikandik√°l
,,
,,
,,
,,
,,
,,
,,
,,
,,
,,
2023-05-19 10:56,Eni,Na √©s akkor v√©gre a mai napra j√∂v√∂k a legszebb ragozott sz√≥val: p√≥kok√©
2023-05-20 11:41,Anci,V√©gl√©ny
,,
2023-05-21 7:33,Eni,Saccperk√°b√©
,,
,,
2023-05-22 8:08,Anci,Nem teszi zsebre
,,
,,
,,
,,
,,
,,
,,
,,
,,
,,
,,
2023-05-25 10:13,Eni,Pat√°lia
,,
,,
2023-05-26 8:26,Anci,Tajt√©kzik
2023-05-27 11:48,D√≥ri,elagyabugy√°l
2023-05-28 9:14,Eni,Hercehurca
,,
,,
2023-05-29 7:53,Eni,Resztelt m√°j
,,
,,
,,
,,
,,
,,
,,
,,
,,
,,
,,
,,
2023-05-30 7:22,Anci,Hogy ityeg a fityeg?
,,
,,
,,
,,
,,
,,
,,
,,
2023-05-31 8:55,Anci,Partvis
,,
,,
2023-06-01 10:25,D√≥ri,kl√≠maszorong√°s
,,
,,
2023-06-02 9:49,Anci,Nem cic√≥zik
,,
2023-06-03 19:18,Anci,"n√©zel≈ëdik, mint a kisz√°ntott eg√©r"
,,
,,
,,
2023-06-04 23:00,D√≥ri,abuz√°l
,,
,,
,,
,,
,,
,,
2023-06-05 20:29,Anci,Vitathatatlan
2023-06-07 21:54,D√≥ri,sz√∫r√≥pr√≥baszer≈±en
,,
2023-06-08 12:18,D√≥ri,szem√©lyjel
2023-06-09 10:34,Anci,Kelengye
,,
2023-06-09 11:12,Anci,Van ilyen is h kelengyel√°da
,,
2023-06-12 12:52,D√≥ri,Eninek megint nincs vibere de kuldi hogy tejsz√≠nes becsin√°lt leves
,,
2023-06-14 14:21,D√≥ri,z√∂ld √°gra verg≈ëdik
,,
2023-06-15 10:54,D√≥ri,csinnadratta
2023-06-16 10:26,D√≥ri,kivagyi
2023-06-17 9:39,Anci,Bakfity
,,
,,
,,
,,
,,
,,
,,
,,
2023-06-19 10:56,D√≥ri,√©szveszejt≈ë
2023-06-20 0:00,Eni,Szemtelen√ºl fiatal
,,
,,
,,
,,
2023-06-21 7:07,Eni,H√≠gagy√∫
,,
,,
2023-06-21 13:31,D√≥ri,magyarul agyal√°gyult
,,
,,
,,
2023-06-22 9:01,Anci,Kappan
,,
,,
,,
,,
,,
,,
,,
,,
2023-06-23 9:53,Anci,Legy√©l a saj√°t √©leted f≈ëszerepl≈ëje!
,,
,,
,,
2023-06-24 0:00,Eni,Szlop√°l
,,
,,
,,
,,
,,
,,
,,
,,
,,
,,
,,
,,
,,
,,
,,
,,
,,
,,
,,
,,
,,
,,
,,
,,
,,
,,
,,
,,
,,
,,
,,
,,
,,
,,
,,
,,
,,
,,
,,
,,
,,
,,
,,
,,
,,
,,
,,
,,
,,
,,
,,
,,
,,
,,
,,
,,
,,
,,
,,
,,
,,
,,
,,
,,
,,
,,
,,
,,
,,
,,
,,
,,
,,
,,
,,
,,
,,
,,
2023-06-25 11:15,Anci,Le van t√∂rve  mint a bili f√ºle
,,
,,
,,
,,
,,
2023-06-26 18:54,Eni,Felteszi a pontot az i-re
2023-06-27 13:02,Eni,Balalajka
2023-06-28 14:31,Eni,Gyarl√≥
,,
,,
,,
,,
,,
,,
2023-06-28 16:27,D√≥ri,mondhatni fennk√∂lt
2023-06-28 16:41,Anci,Ez is milyen jo szo
,,
2023-06-29 13:05,Anci,R√∂gvest
,,
,,
,,
,,
,,
2023-06-29 15:59,D√≥ri,j√≥h√∫sbanvan
2023-06-30 15:15,Eni,Itt ott amott
,,
2023-07-01 9:12,Anci,M√©hkereki k√≠gy√≥uborka
,,
,,
,,
2023-07-02 22:26,Eni,Sz√°rcsagy√∂k√©r
,,
,,
,,
,,
,,
,,
,,
,,
,,
,,
,,
,,
,,
,,
,,
,,
,,
,,
,,
,,
,,
,,
,,
,,
,,
,,
,,
,,
,,
,,
,,
,,
,,
2023-07-03 13:03,Anci,Valhalla
,,
,,
,,
,,
,,
,,
,,
,,
,,
2023-07-04 9:37,Eni,Sziluett
,,
,,
,,
,,
2023-07-05 10:42,Eni,F√°sult
,,
,,
,,
2023-07-06 0:21,Anci,Megtan√≠tja keszty≈±be dud√°lni
,,
,,
,,
,,
,,
,,
,,
,,
,,
,,
,,
,,
,,
,,
,,
,,
,,
2023-07-07 10:22,D√≥ri,anyaszomor√≠t√≥
2023-07-08 0:29,Eni,Fitying
,,
,,
,,
2023-07-09 3:41,Eni,Toll a f√ºledbe
,,
,,
,,
,,
,,
,,
,,
,,
,,
2023-07-11 10:49,Anci,ahol a papok t√°ncolnak
,,
2023-07-11 14:05,Anci,"Pl ""eleg csak ott felsoporni  ahol a papok tancolnak"""
,,
,,
2023-07-12 17:46,Anci,"Olyan feh√©r lesz, mint a halott segge "
,,
,,
,,
,,
,,
,,
,,
,,
,,
2023-07-12 17:54,Anci,"Es ahogy ezt mondja anya  megszolalt a mama fapofaval: h√°t igen...az √∂rd√∂g is a dombra sz√¶rik"""
,,
,,
,,
,,
,,
,,
,,
,,
2023-07-13 9:49,D√≥ri,cakompakk (vagy cakompak  cakonpak  cakumpak  cakumpakk)
2023-07-13 9:56,Eni,Cakkumpakk
,,
,,
,,
2023-07-15 6:35,Eni,Szkafander
,,
,,
,,
2023-07-16 9:47,Anci,Sebbel-lobbal
,,
2023-07-17 8:17,Anci,Szent Habakuk!
2023-07-18 8:04,Eni,Duk√°l
,,
,,
,,
,,
,,
,,
,,
,,
,,
,,
,,
,,
,,
,,
,,
,,
,,
2023-07-19 12:00,Eni,Z≈±rzavar
,,
,,
2023-07-20 21:50,Anci,Kisded
,,
2023-07-21 8:56,Eni,Skatulya
,,
2023-07-21 9:36,D√≥ri,skatulyaelv!
,,
,,
,,
,,
,,
,,
,,
,,
,,
,,
2023-07-22 6:16,Eni,Perpatvar
,,
,,
,,
2023-07-23 14:13,Eni,A terembur√°j√°t!
,,
,,
2023-07-24 9:19,Anci,Smafu
,,
,,
2023-07-26 10:16,Anci,Diliny√≥s
,,
,,
,,
,,
,,
,,
2023-07-27 0:04,Eni,Rotring
,,
,,
,,
,,
,,
,,
2023-07-29 16:26,Anci,Hecsedli
,,
,,
2023-07-30 16:50,Eni,Sztyeppe
2023-07-30 19:19,Anci,V√©rre megy!
,,
2023-07-31 10:23,Anci,Gyalu
,,
2023-07-31 13:51,D√≥ri,a gyalul is el√©g j√≥
,,
2023-08-01 9:09,Eni,Gimnasztika
,,
,,
,,
,,
,,
,,
,,
,,
,,
,,
,,
2023-08-02 11:12,D√≥ri,kibogar√°sz(ik?)
,,
,,
2023-08-03 12:57,Anci,K√∂p√ºl
,,
,,
,,
2023-08-04 11:15,Eni,√úd√ºl
,,
2023-08-05 10:23,D√≥ri,fak√©pn√©l hagy
,,
2023-08-06 14:53,Anci,K√∂nt√∂rfalaz
,,
2023-08-08 16:18,Anci,Automatice
,,
2023-08-09 17:04,D√≥ri,l√∂v√©sem sincs
2023-08-10 11:32,Anci,Elem√≥zsia
,,
,,
2023-08-11 12:53,Eni,Gyalogos√°tkel≈ëhely
,,
,,
,,
,,
,,
,,
,,
2023-08-12 10:36,Anci,Szeszkaz√°n
,,
2023-08-13 21:32,Anci,Makrancos
,,
,,
,,
,,
,,
,,
,,
,,
2023-08-15 7:08,Anci,Hetvenkedik
2023-08-15 11:05,Anci,Hetyke?
,,
,,
,,
2023-08-16 18:06,Eni,Pop√≥
,,
2023-08-18 9:14,Anci,T√∂bbedmag√°val
,,
2023-08-19 9:38,Eni,Kompenz√°ci√≥
,,
,,
,,
,,
,,
,,
,,
,,
,,
,,
,,
,,
,,
,,
,,
,,
,,
,,
,,
,,
,,
,,
,,
2023-08-20 18:54,D√≥ri,p√≥rul j√°r
2023-08-21 12:12,D√≥ri,kalyiba
,,
2023-08-22 8:01,Eni,A n≈ëivar√∫
,,
,,
,,
2023-08-22 8:08,Eni,Tess√©k l√°ss√©k
,,
,,
,,
,,
,,
,,
,,
2023-08-23 7:48,D√≥ri,egy√©ni szocprobl√©ma
2023-08-24 8:59,Anci,Hasonm√°s
,,
2023-08-25 14:25,D√≥ri,k√©sz r√∂hej
,,
,,
2023-08-26 19:46,D√≥ri,f√∂ladv√°ny
,,
2023-08-27 8:45,Eni,Szobah≈ën
,,
,,
2023-08-28 8:32,Eni,Diszkosz
,,
2023-08-29 16:01,Anci,Ak√°cafa (vagy ak√°ca fa)
,,
,,
2023-08-29 18:13,Anci,Karal√°bat
,,
,,
,,
,,
,,
,,
,,
,,
,,
,,
2023-08-30 9:37,Eni,L√©becol
,,
,,
2023-09-01 10:32,Anci,J√°romcsont
2023-09-02 7:53,Eni,√údcsi
2023-09-03 8:32,Anci,√úr√ºgy
,,
,,
,,
,,
2023-09-04 6:41,Eni,Kan√≥c
,,
,,
2023-09-05 15:51,Eni,K√°poln√°sny√©k
2023-09-06 7:28,Eni,Teh√©nt≈ëgy
,,
,,
2023-09-07 0:13,Anci,Vakl√°rma
,,
,,
,,
,,
,,
2023-09-08 9:16,Anci,Tumultus
,,
,,
2023-09-09 23:22,D√≥ri,piti√°ner
2023-09-10 10:18,Anci,Puputeve
2023-09-10 10:22,D√≥ri,pupu
,,
2023-09-11 10:10,Eni,F√°tyol
2023-09-11 10:32,D√≥ri,f√°tylat r√°!
,,
2023-09-11 10:34,D√≥ri,f√°tyolos tekintet
,,
,,
,,
,,
2023-09-13 10:05,Anci,P√°llik
2023-09-14 10:06,Eni,T√ºnem√©ny
2023-09-15 10:18,Anci,Cipz√°r
,,
,,
,,
,,
,,
,,
,,
,,
,,
2023-09-16 21:18,Anci,Kobak
2023-09-17 9:29,Eni,Buksi
,,
,,
2023-09-18 7:27,Eni,Lencsev√©gre kap
,,
2023-09-19 11:17,D√≥ri,lev√©l (abban az √©rtelemben  hogy egy lev√©l gy√≥gyszer)
,,
,,
2023-09-20 7:46,Eni,P√°tyol(gat)
,,
,,
2023-09-22 13:37,Anci,Ab√∫z√°lt
,,
,,
,,
,,
,,
,,
,,
,,
,,
,,
,,
,,
,,
,,
,,
,,
,,
,,
,,
2023-09-24 6:17,Anci,Sertepert√©l
,,
,,
2023-09-25 11:44,Anci,Okvetetlenkedik
,,
2023-09-26 16:50,D√≥ri,Very Important Person (r√∂vid√≠tve VIP)
,,
,,
,,
,,
,,
2023-09-26 18:26,Eni,Mint az IHS: isten h√°z√°hoz siess
,,
,,
,,
2023-09-26 19:37,Anci,Iesus Hominum Salvator
,,
,,
,,
,,
,,
2023-09-27 14:41,Eni,(√âj) leple
,,
,,
,,
2023-09-28 11:39,Anci,(Hivat√°sos) orr
2023-09-28 11:57,Anci,Na most l√°tom h a m√°sik neve a parf√ºm≈ër
,,
,,
,,
,,
,,
,,
,,
,,
,,
,,
,,
,,
,,
,,
,,
,,
2023-09-30 10:43,Eni,F√≥t√∂j
,,
,,
2023-10-01 9:49,Anci,Csikar
,,
,,
,,
,,
,,
,,
,,
,,
,,
,,
,,
,,
,,
2023-10-03 9:40,Eni,Reggeliz≈ë pehely
,,
,,
,,
,,
,,
2023-10-04 11:27,Eni,Hangulatfest≈ë sz√≥
,,
,,
,,
,,
,,
,,
,,
,,
,,
,,
,,
,,
,,
,,
,,
,,
,,
,,
,,
,,
,,
,,
,,
,,
,,
,,
,,
,,
,,
,,
,,
,,
,,
,,
,,
2023-10-06 11:01,Eni,V√©rtan√∫
2023-10-07 18:14,Anci,Kakadu
,,
,,
2023-10-08 9:44,D√≥ri,kisilabiz√°l
,,
,,
,,
,,
2023-10-08 10:19,D√≥ri,az Alcatrazba elobb jutsz be mint ebbe a konditerembe
,,
,,
,,
2023-10-08 10:25,D√≥ri,de a lemeno napnak is van ereje!
,,
,,
,,
,,
,,
,,
2023-10-09 16:01,Anci,M√°sutt
,,
,,
,,
2023-10-10 15:49,Anci,P√°kula
,,
,,
,,
,,
,,
,,
,,
,,
,,
2023-10-10 17:44,Anci,Metlaki (metlahi)
,,
,,
,,
,,
,,
,,
,,
,,
2023-10-11 11:47,D√≥ri,z√∂me
,,
,,
,,
,,
,,
,,
,,
,,
,,
,,
2023-10-14 10:07,Eni,Kecsegtet≈ë
2023-10-15 9:11,Anci,Mag√°ra vessen
,,
2023-10-16 17:12,Anci,K√©r√©sz√©let≈±
2023-10-17 9:33,Eni,T≈ëk√©s r√©ce
2023-10-18 10:18,D√≥ri,nem nyakig tejfel
,,
,,
,,
,,
,,
2023-10-18 21:57,Eni,Ez fenekest√ºl fel lett forgatva
2023-10-19 8:35,Anci,Kurbli
,,
,,
,,
,,
,,
,,
,,
2023-10-20 9:11,Anci,R√©ved
,,
,,
2023-10-21 9:07,Eni,Pepecsel
2023-10-22 9:52,Eni,Slamasztika
2023-10-23 10:34,Anci,Ki szelet vet  vihart arat.
,,
,,
,,
2023-10-23 10:47,Anci,V√≠gj√°t√©k
,,
,,
,,
,,
,,
2023-10-24 9:45,Anci,H√°nyaveti
,,
,,
,,
,,
,,
,,
,,
,,
,,
,,
,,
,,
,,
,,
,,
2023-10-25 10:17,D√≥ri,bogarat √ºltet a f√ºl√©be
,,
,,
,,
,,
2023-10-26 20:01,Anci,K√∂m√©nymag
,,
,,
,,
2023-10-27 12:22,Eni,Sityak
,,
,,
,,
,,
,,
,,
,,
,,
,,
,,
,,
,,
2023-10-28 0:02,Eni,Lubickol
2023-10-29 15:03,Anci,Szalalk√°li
2023-10-30 14:45,Anci,R√∂stell/restell
,,
,,
,,
2023-10-31 11:36,Eni,G≈ëg
,,
2023-11-01 11:34,Eni,Sz√≥fos√°s
2023-11-02 8:21,Anci,Arr√≥l k√≥dul
,,
,,
,,
2023-11-03 8:52,Eni,Embersz√°mba vesz
,,
,,
2023-11-04 8:11,Anci,Kalucsni
,,
,,
,,
,,
,,
,,
,,
,,
,,
2023-11-06 7:53,Anci,Hal√°nt√©k
,,
2023-11-07 9:04,Eni,D√∫sgazdag
,,
,,
,,
2023-11-08 10:08,Anci,Kir√°lys√°gterme
2023-11-09 14:04,Anci,Lecsitulnak a ked√©lyek (tegnapi nap marg√≥j√°ra)
,,
,,
,,
,,
,,
,,
,,
2023-11-10 10:20,Eni,Drap√©ria
,,
2023-11-11 0:55,D√≥ri,k√°r beles√≠rni a kifutott tejbe
,,
,,
,,
,,
,,
,,
,,
2023-11-12 10:58,Anci,Nem babra megy a j√°t√©k
,,
,,
2023-11-13 18:03,Anci,Csalam√°d√©
,,
,,
,,
2023-11-14 0:02,D√≥ri,√©pk√©zl√°b
2023-11-14 0:02,Eni,B≈ë l√©re ereszt
,,
,,
,,
,,
,,
,,
,,
,,
,,
,,
,,
,,
,,
,,
,,
,,
,,
,,
,,
,,
,,
,,
,,
,,
,,
,,
,,
,,
,,
,,
,,
,,
,,
,,
,,
,,
,,
,,
,,
,,
,,
,,
,,
,,
,,
,,
2023-11-17 9:19,Anci,Visszanyal a fagyi
,,
,,
2023-11-18 8:26,Eni,Megr√©szeg√≠tett meggy
,,
,,
,,
,,
,,
,,
2023-11-19 13:13,Anci,Zamat
2023-11-20 17:30,D√≥ri,kipurcan
,,
,,
2023-11-21 9:18,Eni,Eltipor
,,
,,
,,
2023-11-22 8:47,Eni,Cincog
,,
,,
,,
,,
2023-11-23 20:12,Anci,Sz√≥dabikarb√≥na
2023-11-24 0:00,D√≥ri,ekloga
,,
,,
,,
,,
,,
,,
,,
,,
,,
,,
,,
,,
,,
,,
,,
,,
,,
,,
,,
2023-11-25 0:00,Eni,H√°nyas
2023-11-25 0:00,Eni,Vagy sz√©pen magyarosan: hanyas
,,
,,
,,
,,
,,
,,
,,
,,
,,
,,
,,
,,
,,
,,
,,
,,
,,
,,
,,
,,
,,
,,
,,
,,
,,
,,
,,
,,
,,
,,
,,
,,
2023-11-26 12:25,D√≥ri,a term√©szet l√°gy √∂l√©n
,,
,,
,,
,,
,,
,,
,,
,,
,,
,,
,,
2023-11-28 9:29,Eni,Trubad√∫r
,,
,,
,,
,,
,,
,,
,,
,,
,,
,,
2023-11-30 11:02,Anci,Diszn√≥sajt
,,
,,
,,
,,
,,
,,
,,
,,
,,
,,
2023-12-01 11:52,Eni,Harmatgy√∂nge
,,
,,
,,
,,
,,
,,
,,
,,
2023-12-05 9:35,Anci,D√ºhbe gurul
,,
,,
,,
2023-12-07 1:18,Anci,√âticsiga
,,
2023-12-08 10:56,Anci,R√ºkverc
,,
,,
,,
,,
,,
,,
2023-12-09 19:47,Anci,Hajcih≈ë
,,
,,
,,
2023-12-11 17:47,Anci,B√ºdzs√©
,,
,,
,,
,,
,,
,,
,,
,,
2023-12-13 21:48,Anci,Felplankol
,,
,,
,,
,,
2023-12-14 0:08,Anci,Vagy arg√≥
2023-12-14 22:20,Anci,Kul√°r√©
,,
,,
,,
,,
,,
,,
,,
,,
,,
,,
,,
,,
,,
,,
,,
,,
,,
,,
,,
,,
,,
,,
,,
,,
,,
,,
,,
,,
2023-12-16 0:16,Eni,Kifejez√©shez k√ºlden√©m: na most betelt az a bizonyos poh√°r
,,
,,
,,
,,
,,
,,
,,
,,
,,
,,
,,
,,
,,
,,
,,
,,
,,
,,
,,
,,
,,
,,
,,
,,
,,
,,
,,
,,
,,
,,
,,
,,
,,
,,
2023-12-17 9:30,Eni,R√©mfa
,,
2023-12-18 10:57,D√≥ri,emberi p≈ëres√©g
,,
,,
,,
2023-12-20 15:23,D√≥ri,zugoly
2023-12-21 13:29,Anci,Fels√°l
,,
,,
,,
,,
,,
,,
,,
,,
2023-12-22 10:14,D√≥ri,agyba f≈ëbe
2023-12-23 11:57,Anci,Subrik√°lt (abrosz)
,,
,,
,,
,,
,,
,,
,,
,,
,,
,,
2023-12-24 0:04,D√≥ri,konstat√°l
,,
,,
,,
,,
,,
,,
,,
2023-12-26 11:50,Anci,Kas
,,
,,
,,
,,
,,
,,
,,
,,
,,
,,
,,
,,
,,
2023-12-29 11:03,Eni,Gongat
,,
,,
,,
2023-12-30 0:00,D√≥ri,lav√≥r
2024-01-01 14:45,Eni,M√°ra k√ºld√∂m: l√ºke
2024-01-02 0:09,D√≥ri,√ºgyefogyott
,,
,,
,,
2024-01-03 10:42,Eni,Cs√ºt√∂rt√∂k√∂t mond
,,
,,
,,
,,
,,
,,
,,
,,
,,
,,
,,
,,
,,
,,
,,
,,
,,
,,
,,
,,
,,
,,
,,
,,
,,
,,
,,
,,
,,
,,
,,
,,
,,
,,
,,
,,
,,
,,
,,
,,
,,
,,
,,
,,
,,
,,
,,
,,
2024-01-05 0:11,Eni,Cs√≠nj√°t-b√≠nj√°t
,,
,,
2024-01-06 0:01,D√≥ri,fecc√∂l
,,
,,
,,
,,
,,
2024-01-07 9:10,Anci,Uram bocs√°'
,,
,,
,,
,,
,,
,,
,,
,,
2024-01-08 9:42,Eni,Elfingog√°lja mag√°t
,,
,,
,,
,,
,,
,,
,,
,,
,,
,,
,,
,,
,,
,,
,,
,,
,,
,,
,,
,,
2024-01-10 0:06,D√≥ri,g√ºz√º
,,
,,
2024-01-11 0:01,D√≥ri,el≈ërukkol
,,
,,
2024-01-12 0:10,D√≥ri,zabigyerek
2024-01-13 19:47,Anci,Felcseperedik
,,
,,
2024-01-14 11:31,Anci,Fittyet h√°ny
,,
,,
,,
2024-01-16 15:50,D√≥ri,glaci√°lis t√≥
,,
,,
,,
2024-01-19 18:14,Anci,Egy√ºgy≈±
,,
2024-01-20 0:00,Eni,√ârti a cs√≠zi√≥t
,,
,,
,,
,,
,,
,,
,,
,,
,,
2024-01-21 13:27,Anci,Pl Aranycsipke (az chips krumpli)
,,
,,
,,
,,
,,
,,
,,
,,
,,
2024-01-23 23:18,Eni,Pl√©hpofa
,,
,,
,,
,,
,,
,,
,,
,,
,,
,,
,,
,,
,,
2024-01-25 14:41,Anci,Hib√°dzik
,,
,,
,,
,,
,,
2024-01-28 15:19,Eni,T√∂kkel√ºt√∂tt
,,
2024-01-29 9:01,Anci,Irgumburgum
,,
,,
,,
,,
,,
,,
,,
,,
,,
,,
,,
,,
,,
,,
,,
,,
,,
,,
,,
,,
,,
,,
,,
,,
,,
,,
,,
,,
,,
,,
,,
,,
,,
,,
,,
,,
,,
,,
,,
,,
2024-01-30 22:13,Eni,√ñssze√°llt a krumplis t√©szta!
2024-01-31 20:52,Anci,Kulissza/kulisszatitok
,,
,,
2024-02-01 10:11,Eni,Fabatk√°t sem √©r
,,
,,
,,
,,
,,
,,
,,
,,
,,
,,
,,
2024-02-04 0:50,Eni,Diribdarab
,,
,,
,,
,,
,,
,,
,,
,,
,,
,,
,,
2024-02-10 10:14,Anci,Kriptasz√∂kev√©ny
,,
,,
,,
,,
,,
,,
,,
,,
,,
,,
,,
,,
,,
,,
,,
,,
,,
,,
,,
,,
,,
,,
,,
,,
,,
,,
,,
2024-02-12 21:59,Eni,A mai nap szav√°t a szerb csoportt√°rsamt√≥l id√©zn√©m: ondol√°l√≥dik
,,
,,
,,
,,
,,
,,
,,
2024-02-13 14:56,Anci,Meg se kottyan
2024-02-15 17:04,Anci,Egzec√≠roz
,,
,,
,,
2024-02-16 23:26,D√≥ri,f√∂rmed
2024-02-17 12:35,Eni,Szafal√°d√©
,,
2024-02-19 21:00,D√≥ri,macskak√∂r√∂m
,,
,,
,,
,,
2024-02-20 16:42,Anci,Dug√°ba d≈ël
2024-02-21 11:42,D√≥ri,sacc per k√°b√©
,,
2024-02-22 18:00,Anci,Fikarcnyi
,,
2024-02-24 14:45,Anci,C√∂vek
,,
,,
2024-02-24 22:07,Anci,Galatea
,,
,,
2024-02-25 18:39,Anci,Kig√∫vad
,,
,,
2024-02-26 15:16,Anci,B√∂jt
,,
,,
,,
,,
,,
,,
,,
2024-02-27 21:08,Eni,Cifr√≠tja
2024-02-28 19:50,Anci,Kap√≥ra j√∂n
2024-02-29 19:46,Eni,Cukkol
2024-03-01 12:44,Anci,Cidri/cidrizik
,,
2024-03-02 16:17,Anci,Petyh√ºdt
,,
,,
,,
,,
2024-03-04 20:44,Anci,B≈ë l√©re ereszt
,,
2024-03-06 21:29,Eni,Sanda gyan√∫
2024-03-07 7:01,Anci,Sund√°m-bund√°m
,,
,,
,,
,,
2024-03-12 12:12,D√≥ri,√ºlt≈ë/egy √ºlt≈ë hely√©ben
2024-03-13 21:42,Eni,Sz√©lh√°mos
,,
,,
,,
,,
,,
,,
,,
2024-03-14 13:16,D√≥ri,sz√ºfrazsett
,,
,,
,,
,,
,,
,,
,,
,,
,,
,,
,,
2024-03-16 10:24,Anci,M√°rcius idusa
,,
,,
2024-03-18 13:23,Eni,M√°ra pedig: gombolyag
,,
,,
,,
,,
,,
,,
,,
,,
2024-03-19 13:47,Anci,Pap√≠rmas√©
,,
,,
,,
,,
,,
,,
,,
,,
,,
,,
,,
,,
2024-03-23 13:04,Eni,Elfuser√°l
,,
2024-03-25 12:27,Anci,Reck√≠roz(ik?)
,,
,,
2024-03-29 13:35,Eni,Amond√≥ vagyok
,,
2024-03-31 12:55,Anci,Sokat nyom a latban
,,
,,
2024-03-31 21:59,Anci,A latolgat is ott van
,,
,,
,,
,,
,,
,,
,,
2024-04-06 23:39,D√≥ri,captat
,,
,,
,,
2024-04-07 11:06,Eni,B√≠bel≈ëdik
,,
,,
,,
,,
,,
,,
2024-04-11 16:12,D√≥ri,valaminek a mibenl√©te
2024-04-11 16:27,Anci,"Majdnem annyira ideges√≠t mint a ""kivagyis√°g"""
,,
2024-04-13 17:03,Anci,Demizson
,,
,,
,,
,,
,,
,,
,,
2024-04-16 21:43,Anci,D≈±l≈ëre jut
2024-04-19 11:13,Eni,Bojt
,,
,,
2024-04-20 7:16,Eni,Ocelot
2024-04-21 10:39,Anci,Ember√∂lt≈ë
,,
,,
2024-04-21 22:44,Anci,Olyan van h nyelvki√∂lt≈ë?
2024-04-21 22:46,D√≥ri,fel√∂lt≈ë viszont talan van
,,
,,
,,
,,
,,
2024-04-22 17:45,Eni,De addig is ha m√©g nem volt: suks√ºk√∂l
,,
,,
,,
,,
2024-04-24 23:37,Anci,Olt√≥gally (eln√©z√©st  nem tudom  hogy egybe vagy k√ºl√∂n)
,,
,,
2024-04-26 8:08,Eni,Boci
,,
2024-04-27 8:51,Anci,Elevick√©l
2024-04-30 21:30,D√≥ri,p√°ni f√©lelem
2024-05-01 9:18,Eni,Epervel≈ë
,,
,,
,,
2024-05-02 14:05,Anci,Gang
,,
,,
,,
,,
,,
,,
,,
,,
,,
,,
,,
,,
2024-05-04 19:17,Eni,Gy√∂ngysziget a g√∂ngybolt
,,
2024-05-04 23:01,Anci,Okul (vmib≈ël)
,,
2024-05-05 20:02,D√≥ri,hurkap√°lca (Eni voltam)
,,
,,
,,
2024-05-06 19:40,Eni,Sz√≥fos√°s
,,
,,
,,
,,
,,
,,
2024-05-06 21:31,Eni,Ezesetben g√ºl√º
,,
,,
,,
2024-05-07 21:35,Anci,Kony√≠t (vmihez)
2024-05-08 1:10,D√≥ri,v√©da recsit√°l√°s
,,
2024-05-09 21:07,Eni,M√°ra pedig: t√©ny √©s val√≥
,,
,,
,,
,,
,,
,,
,,
,,
,,
,,
,,
,,
,,
,,
,,
,,
,,
,,
,,
,,
,,
,,
,,
,,
,,
2024-05-17 7:10,Anci,Visszafel√© j√°rat  mint a lucern√°s tehenet.
,,
,,
,,
,,
,,
,,
,,
,,
,,
,,
2024-05-20 15:47,Anci,Keni-v√°gja
,,
,,
,,
,,
,,
2024-05-23 17:52,Eni,Erre csak azt tudom mondani: atyagatya
2024-05-24 8:06,Eni,A nemj√≥j√°t
,,
2024-05-25 11:05,D√≥ri,kit√ºremked√©s
,,
2024-05-26 20:17,Anci,Tapodtat sem mozdul
,,
,,
,,
,,
2024-05-27 20:27,Anci,Zs√°ner
,,
,,
,,
,,
,,
,,
2024-06-01 13:12,Eni,Mint teh√©nnek a r√≥zsasz√°l
,,
,,
,,
2024-06-02 11:41,D√≥ri,besz√©lget√©sbe elegyedni
,,
,,
,,
,,
,,
,,
,,
,,
,,
,,
2024-06-03 20:32,Eni,Locsifecsi
2024-06-04 14:32,Anci,Vigyorog  mint a tejbet√∂k
,,
2024-06-05 12:43,Anci,"Doktor √ör kedves, akkor viszont sz√¶r van a palacsint√°ban!"
,,
2024-06-07 23:21,D√≥ri,az utca embere
,,
,,
2024-06-09 0:30,Eni,S√≥zs√°k (gyerekre mondva)
2024-06-10 22:56,Anci,A szemtelens√©g netov√°bbja
,,
,,
2024-06-11 14:33,Anci,Guadelupai sz≈±z anya
,,
,,
,,
,,
,,
,,
,,
2024-06-15 16:09,Anci,Dutyi
2024-06-16 0:51,D√≥ri,water closet  magyarul v√©c√©
,,
,,
,,
,,
,,
,,
,,
,,
,,
2024-06-17 0:01,D√≥ri,kil√∂gyb√∂l
2024-06-18 16:36,Anci,Nem f≈±lik hozz√° a foga
2024-06-19 14:26,D√≥ri,s√ºletlens√©g
,,
,,
,,
2024-06-21 11:35,Eni,Apacuka  fundaluka
,,
,,
,,
2024-06-24 22:03,Anci,Kider√ºlt h az a lesty√°n
,,
,,
,,
,,
,,
2024-06-25 12:23,D√≥ri,ny√∂gvenyel≈ës
2024-06-26 14:39,D√≥ri,h≈ëb√∂r√∂g
,,
,,
,,
,,
,,
,,
,,
,,
,,
,,
,,
,,
,,
,,
,,
2024-06-27 7:54,Anci,Pilleszt≈ë
,,
2024-06-28 11:44,D√≥ri,oktroj√°l
,,
,,
2024-06-30 11:11,Eni,Perpatvar
2024-07-05 12:51,Anci,Dunyha/dunna
,,
2024-07-05 14:57,Anci,Ma j√∂tt szembe
,,
,,
,,
,,
,,
,,
2024-07-06 17:42,Anci,Fos√≥ka szilva/ringl√≥
,,
,,
,,
,,
,,
,,
,,
,,
,,
,,
,,
,,
,,
2024-07-07 10:55,Anci,P√∂khendi
,,
,,
2024-07-09 22:06,D√≥ri,bor√≠t√©kolhat√≥
2024-07-10 9:09,D√≥ri,varacsk
,,
,,
,,
,,
,,
,,
,,
,,
2024-07-13 18:35,Anci,H≈ëguta
,,
,,
,,
,,
,,
,,
,,
,,
,,
,,
,,
,,
,,
2024-07-15 14:49,Anci,Tokkal-von√≥val
,,
,,
2024-07-18 23:25,Eni,Moty√≥
,,
,,
2024-07-20 23:47,Anci,Sz√≠vsz√©lh≈±d√©s
,,
,,
,,
,,
2024-07-26 15:07,Eni,H√∫zza a l√≥b≈ërt
,,
,,
2024-07-31 11:19,Eni,Randal√≠roz
,,
2024-08-01 7:10,Anci,√çnycsikland√≥
,,
,,
,,
2024-08-02 8:37,Eni,Z√°rka
,,
,,
,,
,,
,,
,,
,,
,,
,,
,,
,,
,,
,,
,,
,,
,,
,,
,,
,,
,,
,,
,,
,,
,,
,,
,,
,,
,,
,,
,,
,,
,,
,,
,,
,,
,,
,,
,,
,,
,,
,,
,,
,,
,,
,,
,,
,,
2024-08-04 13:55,Anci,H≈±belebal√°zs
2024-08-05 10:23,D√≥ri,a j√©g h√°t√°n is meg√©l
2024-08-07 16:43,Eni,Apr√≥hirdet√©s
2024-08-07 19:03,Eni,J√≥ volna egyet feladni! N≈ë keres f√©rfit... jelige:cicero
,,
2024-08-10 11:14,Anci,Bek√∂tik a fej√©t (abban az √©rtelemben  hogy f√©rjhez megy)
,,
,,
,,
,,
,,
,,
2024-08-11 9:53,Eni,Gy√©m√°ntf√©lkrajc√°r
,,
,,
2024-08-12 20:49,Eni,Pr√≥ba szerencse
,,
,,
2024-08-13 9:18,Anci,Folytk√∂v vagy folyt.k√∂v.
,,
,,
,,
,,
,,
2024-08-15 18:19,D√≥ri,elk√∂lti az eb√©det/vacsor√°t
,,
,,
2024-08-16 13:41,Anci,Cucog
,,
,,
,,
,,
,,
,,
,,
,,
,,
,,
,,
2024-08-17 17:40,D√≥ri,bicskanyitogat√≥
,,
,,
,,
,,
,,
2024-08-19 8:23,Eni,Abajgat
,,
,,
,,
2024-08-22 22:00,Eni,Kikup√°lja mag√°t
2024-08-23 12:46,Anci,K≈ëgazdag
,,
,,
2024-08-24 0:05,D√≥ri,fej fej mellett halad
,,
2024-08-26 20:35,D√≥ri,k√≥v√°lyog
,,
,,
2024-08-30 23:15,Anci,S√°rga irigys√©g
2024-09-03 13:08,Anci,R√° se bag√≥zik
,,
,,
2024-09-04 19:54,Anci,Nemt√∂r≈ëd√∂ms√©g
2024-09-04 23:01,Anci,Vmi cikkben
,,
2024-09-08 14:44,Eni,Eltaknyol
,,
,,
2024-09-11 20:08,D√≥ri,hogy valakinek a szerette
,,
,,
,,
,,
,,
,,
2024-09-11 21:00,Anci,"Olyan koszos a l√°ba, hogy megteremne rajta a krumpli"
,,
,,
,,
,,
,,
2024-09-14 13:51,Anci,Neglizs√©
,,
,,
2024-09-16 11:41,D√≥ri,idestova
2024-09-17 12:43,Anci,Err≈ël a pizsoma jutott
,,
,,
2024-09-19 16:32,Anci,Spriccelt cirmos
,,
2024-09-20 19:43,Anci,kih√°nycizza (a kaj√°t)
,,
,,
,,
,,
,,
,,
2024-09-22 15:43,Anci,Any√°masszony katon√°ja
,,
,,
,,
,,
,,
,,
,,
2024-09-24 22:18,D√≥ri,√ºl≈ëf√ºrd≈ë
,,
,,
,,
,,
,,
,,
,,
,,
,,
,,
2024-09-26 23:21,Eni,Relikvia
,,
2024-09-27 9:09,Eni,F√ºlsiket√≠t≈ë
,,
,,
2024-09-27 10:54,D√≥ri,a f√ºlsiket√≠t≈ë ny√°lsz√≠v√≥
,,
2024-09-29 16:35,Anci,R√≥ka fogta csuka
,,
,,
,,
,,
2024-09-30 0:28,D√≥ri,linzerropog√≥s
,,
,,
,,
2024-10-01 18:55,Eni,H√≠n√°r
,,
,,
2024-10-02 7:38,Eni,Cukors√ºvegfeny≈ë
,,
,,
,,
,,
,,
2024-10-04 12:25,Anci,F≈±szermalom
,,
,,
,,
,,
,,
,,
,,
,,
2024-10-07 10:20,Eni,Sztracsatella
,,
,,
,,
,,
,,
,,
,,
2024-10-08 16:35,D√≥ri,h√©be-h√≥ba
,,
,,
,,
2024-10-09 14:43,D√≥ri,lacafac√°zik
,,
,,
,,
,,
,,
,,
,,
,,
,,
,,
2024-10-10 23:38,D√≥ri,sov√°ny vigasz
2024-10-11 12:04,D√≥ri,defenesztr√°ci√≥
,,
,,
,,
,,
2024-10-12 22:55,Anci,Cs≈ëcsel√©k
,,
,,
,,
2024-10-16 13:27,D√≥ri,rivaldaf√©nylop√≥
,,
2024-10-17 15:50,Anci,(Valaminek) a t√∂mkelege
,,
,,
,,
2024-10-18 18:44,Eni,Atrocit√°s
,,
,,
,,
2024-10-18 21:19,D√≥ri,sz√©gyenteljes
2024-10-19 19:44,D√≥ri,meg√°talkodott
,,
,,
2024-10-20 11:07,D√≥ri,f√©mjelzett
,,
2024-10-21 13:19,Anci,Eben guba
,,
,,
,,
,,
,,
,,
2024-10-23 0:37,Eni,Brili√°ns
2024-10-23 12:58,Anci,Detto
,,
,,
,,
,,
,,
2024-10-24 9:18,D√≥ri,traccsparti
2024-10-25 9:22,D√≥ri,lepakt√°l
,,
,,
2024-10-26 8:24,Anci,Pernahajder
,,
2024-10-27 13:46,Anci,Spanifer
,,
,,
,,
,,
,,
,,
,,
,,
,,
,,
,,
,,
,,
,,
2024-10-29 0:18,Eni,Liofiliz√°lt
,,
2024-10-30 11:36,Anci,Lumb√°g√≥
2024-10-31 9:20,Anci,Sz√©gyenszemre
,,
2024-11-02 20:09,Anci,B√°bing
,,
,,
,,
,,
,,
,,
,,
,,
,,
,,
2024-11-04 23:51,D√≥ri,trakt√°l
2024-11-06 9:45,D√≥ri,egy k√∂p√©snyire
,,
,,
,,
,,
,,
2024-11-08 12:01,Anci,K√∫ria
2024-11-09 19:16,D√≥ri,p√©ld√°nak ok√°√©rt
2024-11-10 22:09,Eni,Dirig√°l
,,
,,
,,
2024-11-11 22:53,D√≥ri,ripity√°ra t√∂rik
2024-11-12 22:01,D√≥ri,el√°n (mint akkora el√°nnal csin√°l valamit)
,,
,,
,,
,,
,,
,,
,,
,,
,,
,,
2024-11-15 11:43,D√≥ri,bennfentes
2024-11-16 0:01,D√≥ri,lepcses
2024-11-17 19:48,Anci,Azt a leborult szivarv√©git!
,,
2024-11-18 22:27,D√≥ri,heny√©l
,,
,,
2024-11-19 10:33,Anci,Tekla
,,
,,
,,
,,
,,
,,
2024-11-21 15:07,D√≥ri,szedel≈ëzk√∂dik
2024-11-21 16:48,Anci,Ennek az a szinon√≠m√°ja is j√≥ h cihel≈ëdik
,,
,,
,,
2024-11-22 17:37,D√≥ri,incselkedik
,,
,,
,,
2024-11-26 17:31,Eni,A tengert n√©zz√©tek  ne azt amit sodor!
,,
,,
,,
2024-11-28 10:15,Anci,Vminek a r√°kfen√©je
2024-11-29 16:31,D√≥ri,egym√°s hegy√©n h√°t√°n
,,
2024-12-01 10:03,D√≥ri,cicoma
2024-12-02 6:44,D√≥ri,valaminek a h√°tul√ºt≈ëje
,,
2024-12-04 21:45,Eni,Hazatess√©kel
2024-12-05 1:06,Eni,Mell√©besz√©l√©s
2024-12-06 14:20,D√≥ri,kullog
,,
2024-12-09 22:54,Anci,(m√©zes) csupor
,,
2024-12-10 15:05,Eni,Fic√°nkol
2024-12-11 11:34,D√≥ri,attit≈±d
2024-12-14 8:54,Anci,√Åtszellem√ºl
,,
2024-12-18 19:50,Anci,Ilyet m√©g nem hordott h√°t√°n a f√∂ld
,,
,,
,,
2024-12-20 10:19,D√≥ri,√°gynyugalom
,,
,,
2024-12-21 0:32,D√≥ri,elfecs√©rli az id≈ët
,,
,,
,,
,,
,,
,,
,,
,,
,,
2024-12-21 21:54,Eni,Hacuka
,,
,,
,,
,,
,,
2024-12-23 14:58,Anci,Elveri a p√©nzt
,,
,,
,,
,,
2024-12-29 10:35,D√≥ri,nagyon pipa vagyok/leszek
,,
,,
2024-12-30 11:49,Anci,Vikomt
,,
,,
,,
,,
2024-12-30 13:50,Anci,A feles√©ge m√©g jobb: vikomtess(e)
,,
2025-01-01 20:14,D√≥ri,se h√≠re  se hamva
2025-01-02 23:30,Anci,R√©zs≈±
,,
,,
2025-01-02 23:50,Anci,Itt az id≈ë. Hol a f√©rfi?
,,
,,
,,
,,
,,
,,
2025-01-05 11:44,Anci,Stramm
2025-01-06 20:33,D√≥ri,satnya
2025-01-06 21:43,Anci,Kih√≠v√°s lenne!
,,
,,
,,
,,
,,
,,
,,
,,
,,
,,
2025-01-07 21:23,D√≥ri,poroszk√°l
,,
,,
2025-01-08 21:23,D√≥ri,tet≈ëfok√°ra h√°g a hangulat
2025-01-11 20:55,Anci,Lasponya
,,
,,
,,
,,
,,
,,
,,
,,
2025-01-14 22:14,Anci,Meg√ºt a guta
,,
2025-01-15 12:07,Eni,Esket
,,
,,
,,
,,
,,
2025-01-16 20:23,D√≥ri,kutyafutt√°ban
,,
,,
,,
,,
2025-01-17 9:48,Anci,Kutyaszor√≠t√≥ban
,,
,,
2025-01-18 7:00,D√≥ri,mor√©na
,,
,,
,,
,,
2025-01-19 23:57,D√≥ri,gyerekcip≈ëben j√°r
,,
,,
2025-01-23 19:55,Anci,Mai nap szav√°t anya k√©rte: Cs≈±gy
,,
,,
,,
,,
,,
,,
,,
2025-01-27 12:24,Anci,(Gy√≥gyszert) fogyaszt
,,
,,
2025-01-29 10:06,D√≥ri,pofavizit
2025-01-30 7:40,D√≥ri,r√° se heder√≠t
,,
,,
,,
2025-02-01 12:49,D√≥ri,nekiveselkedik
,,
2025-02-02 7:03,D√≥ri,malaszt
,,
,,
,,
,,
,,
,,
,,
2025-02-04 20:30,Eni,Cikk (mint egy cikk lime)
2025-02-05 11:05,D√≥ri,annyit √©r  mint r√°ntott halnak a vizes borogat√°s
,,
2025-02-06 10:58,Anci,Szimatkocsi
,,
,,
,,
,,
,,
2025-02-07 15:38,Eni,√ìb√©gat
,,
,,
,,
2025-02-08 12:02,Anci,Sportot ≈±z
,,
,,
,,
2025-02-09 5:55,D√≥ri,cs√°szk√°l
2025-02-13 6:17,D√≥ri,szedi a s√°torf√°j√°t
,,
,,
2025-02-14 8:43,D√≥ri,gyatra
2025-02-15 8:00,Anci,Tort√∫ra
,,
,,
,,
,,
,,
,,
2025-02-16 6:47,D√≥ri,g√ºrc√∂l
2025-02-17 7:13,Anci,Felcsig√°z
,,
,,
2025-02-18 11:26,D√≥ri,helyette akkor legyen az  hogy keszty≈±s k√©zzel b√°nik
,,
,,
,,
,,
2025-02-19 15:03,Anci,Septiben
2025-02-19 23:59,Eni,Sz√≥v√° tesz
,,
,,
2025-02-21 9:00,Anci,Kupaktan√°cs
,,
2025-02-22 17:29,Anci,Halottasruh√°nak nincsen zsebe
,,
,,
,,
,,
,,
2025-02-26 19:44,Eni,B≈ërig √°zik
,,
,,
,,
,,
,,
,,
,,
,,
2025-02-27 15:34,Anci,Szitoksz√≥
2025-02-28 12:13,Anci,Amond√≥ vagyok
,,
2025-03-01 19:29,D√≥ri,andalog
,,
,,
2025-03-02 12:35,Anci,Reck√≠rozni (rem√©lem √≠gy √≠rj√°k  de lehet h sz)
,,
,,
,,
,,
,,
,,
,,
,,
2025-03-03 16:44,Anci,Abszolv√°l
,,
2025-03-05 16:55,D√≥ri,Csecsenf√∂ld
,,
,,
,,
,,
,,
2025-03-08 19:47,Eni,Sl√°ger
,,
,,
2025-03-09 19:30,D√≥ri,hurcib√°l
,,
,,
,,
2025-03-11 8:55,D√≥ri,sm√∫zol
2025-03-12 14:35,D√≥ri,klauzula
,,
,,
,,
,,
2025-03-14 10:44,D√≥ri,mormol (im√°t els≈ësorban)
2025-03-17 12:26,D√≥ri,tajt√©k
,,
,,
,,
2025-03-20 7:07,D√≥ri,intern√°tus
2025-03-21 10:16,Anci,Szod√≥mia
2025-03-21 12:06,Anci,Fajtalans√°g is j√≥ sz√≥
2025-03-24 12:58,D√≥ri,kalamajka
,,
2025-03-25 7:44,D√≥ri,kotnyeleskedik
2025-03-26 7:41,Anci,Alkalmasint
,,
2025-03-27 14:23,D√≥ri,ny√°pic
2025-03-28 9:16,D√≥ri,m√ºty√ºr
2025-03-29 13:41,Anci,Karattyol
,,
,,
,,
,,
,,
,,
,,
,,
,,
,,
,,
2025-03-30 23:17,Eni,Kanyar√≥
,,
,,
,,
2025-03-31 21:27,D√≥ri,d√∂g√∂ny√∂z
,,
,,
,,
2025-04-01 7:18,D√≥ri,√≥va int
,,
,,
,,
,,
2025-04-03 13:37,Anci,Katakomba
,,
,,
,,
,,
,,
,,
,,
,,
,,
,,
2025-04-03 14:02,Anci,Nyakl√°nc
2025-04-04 11:15,D√≥ri,horderej≈±/horder≈ë
2025-04-05 7:37,D√≥ri,kem√©ny f√°b√≥l faragt√°k
,,
2025-04-06 8:57,D√≥ri,h√°nytorgat
,,
,,
,,
,,
,,
,,
,,
,,
,,
2025-04-07 8:59,Eni,Agancs
2025-04-08 10:25,Eni,Eszk√°b√°l
,,
,,
,,
,,
,,
,,
,,
,,
,,
,,
,,
,,
,,
2025-04-09 8:58,D√≥ri,ingyen √©s b√©rmentve
,,
,,
,,
2025-04-10 10:27,Anci,Igen  ny√ºst√∂l
,,
2025-04-12 18:40,Anci,Kecsege
,,
,,
2025-04-12 21:27,Eni,Kecsegtet≈ë
,,
2025-04-14 9:07,Eni,Mak√°k√≥
,,
2025-04-15 9:31,D√≥ri,borzad√°ly
2025-04-16 12:38,D√≥ri,r√°j√°r a r√∫d
,,
2025-04-17 14:01,D√≥ri,kip√©c√©z
,,
,,
,,
,,
,,
,,
,,
,,
,,
,,
,,
,,
,,
,,
2025-04-18 8:14,Anci,P√°rj√°t ritk√≠tja
,,
,,
,,
,,
,,
,,
,,
,,
,,
,,
,,
,,
,,
,,
,,
,,
,,
,,
,,
,,
,,
,,
,,
,,
,,
,,
,,
,,
,,
,,
,,
,,
,,
,,
,,
,,
,,
,,
,,
,,
,,
,,
,,
,,
,,
,,
,,
,,
,,
,,
,,
,,
,,
,,
,,
,,
,,
,,
,,
,,
,,
,,
,,
,,
,,
,,
,,
,,
,,
,,
,,
,,
,,
,,
2025-04-19 7:58,D√≥ri,meg vagyok l≈ëve
,,
,,
,,
,,
,,
,,
2025-04-21 9:50,D√≥ri,dorg√°l
2025-04-23 16:36,D√≥ri,nem egy nagy √∂rd√∂ng√∂ss√©g
,,
,,
,,
2025-04-24 12:51,D√≥ri,omin√≥zus
,,
,,
,,
2025-04-25 15:57,D√≥ri,orm√≥tlan
,,
,,
2025-04-26 7:39,Anci,Pulpitus
,,
,,
,,
2025-04-28 14:22,D√≥ri,sz√ºty≈ë
,,
,,
,,
,,
2025-04-29 23:04,D√≥ri,kencefice
,,
,,
,,
2025-05-01 10:18,D√≥ri,m√°jfa
,,
,,
,,
,,
,,
,,
,,
2025-05-03 12:15,Eni,Pasztilla
,,
,,
2025-05-04 11:42,Eni,Krizant√©m
,,
,,
,,
,,
,,
,,
,,
,,
2025-05-05 9:17,Eni,Krepp pap√≠r
,,
,,
2025-05-06 7:04,Anci,Haddelhadd
,,
,,
,,
,,
,,
,,
2025-05-08 9:45,Eni,Tragacs
,,
,,
,,
,,
,,
,,
,,
,,
,,
2025-05-09 11:31,Eni,Hadov√°l
,,
,,
,,
2025-05-10 1:47,Eni,Soromp√≥
,,
,,
,,
,,
,,
,,
,,
,,
,,
,,
,,
2025-05-12 13:39,Anci,Hepci√°skodik
,,
2025-05-13 15:27,Eni,Isten malmai most nem ≈ër√∂ltek lassan...
,,
,,
2025-05-16 9:44,D√≥ri,krah√°csol
,,
2025-05-17 11:02,D√≥ri,faktorszk√≥r
,,
,,
,,
,,
2025-05-18 7:24,D√≥ri,settenkedik
2025-05-19 9:45,D√≥ri,felsejlik
2025-05-20 9:10,Anci,Szemf√ºles
,,
2025-05-23 12:21,Anci,Krah√°csol
,,
,,
,,
,,
,,
,,
,,
,,
,,
,,
,,
,,
,,
,,
,,
2025-05-24 0:00,Eni,Peches
,,
,,
,,
,,
,,
2025-05-25 19:57,Eni,Hupilila
2025-05-26 12:55,Anci,√Ågr√≥lszakadt
,,
,,
,,
2025-05-27 7:31,Anci,Oson
,,
,,
,,
,,
,,
,,
,,
,,
,,
2025-05-28 22:27,D√≥ri,nyiv√°kol
2025-05-29 12:48,Eni,Trubad√∫r
,,
,,
,,
,,
,,
2025-05-29 14:28,Anci,Skandallum
,,
,,
2025-05-30 1:53,Eni,K√°rikittyom
,,
,,
2025-05-31 8:07,D√≥ri,√©gegyadta vil√°gon
,,
,,
,,
,,
2025-06-05 8:01,Anci,Sebt√©ben/sebtiben
2025-06-06 12:44,D√≥ri,√©szbe kap
2025-06-08 13:55,Anci,Lelke rajta
,,
,,
2025-06-09 19:34,D√≥ri,nem az √©n reszortom
,,
2025-06-11 13:41,D√≥ri,elevensz√ºl√©s
,,
,,
,,
2025-06-13 13:25,Eni,Babona
,,
,,
,,
,,
2025-06-14 0:29,D√≥ri,jajvesz√©kel
2025-06-15 15:25,D√≥ri,d√∂lyf
2025-06-16 0:09,Eni,Vinnyog
2025-06-18 1:17,Eni,Piszlics√°r√©
,,
,,
,,
,,
2025-06-19 11:52,D√≥ri,kandel√°ber
,,
,,
,,
2025-06-20 9:25,D√≥ri,odakeveredett  mint Pil√°tus a Credo-ba
,,
2025-06-22 22:19,Anci,Ben≈ë az ember feje l√°gya
2025-06-24 15:45,Anci,Tr√©
,,
,,
,,
,,
,,
,,
,,
2025-06-25 21:13,Anci,Matuzs√°lem
,,
,,
,,
2025-06-30 16:06,D√≥ri,megr√∂k√∂ny√∂dik
2025-07-01 14:48,Anci,Tagbaszakadt
,,
,,
,,
,,
,,
,,
,,
,,
,,
,,
2025-07-03 20:09,Anci,K√∂c√∂ll√©k
,,
,,
,,
2025-07-07 11:38,Anci,Gedva/gedv√°s
,,
,,
,,
2025-07-09 13:26,Anci,K√≥k√°ny munka/k√≥k√°nyol√°s
,,
,,
,,
,,
,,
,,
,,
,,
,,
,,
,,
,,
,,
,,
,,
,,
,,
,,
,,
,,
,,
,,
2025-07-13 11:42,Eni,Nyargal
2025-07-16 15:49,Anci,Elmism√°sol
,,
,,
,,
,,
,,
,,
,,
,,
,,
,,
,,
,,
2025-07-18 10:36,D√≥ri,t√ºzetesen √°tn√©z
,,
,,
,,
,,
2025-07-19 21:24,Anci,Totem
,,
,,
,,
,,
,,
,,
2025-07-22 13:10,Eni,Smirgli
,,
,,
,,
,,
2025-07-23 14:24,D√≥ri,√©gegyadta vil√°gon
,,
,,
,,
,,
,,
2025-07-24 9:34,Anci,Konyhanyelv
,,
,,
,,
,,
,,
2025-07-27 10:30,Eni,Rododendron
,,
,,
2025-07-30 9:51,D√≥ri,mosolyt csal az ember arc√°ra
,,
,,
,,
2025-07-31 20:45,D√≥ri,g√∫nya
,,
,,
,,
,,
,,
,,
,,
,,
2025-08-01 18:48,D√≥ri,rokolya
,,
,,
,,
,,
,,
,,
,,
,,
,,
,,
,,
,,
,,
,,
,,
,,
,,
,,
,,
,,
,,
,,
,,
,,
,,
,,
,,
,,
,,
,,
,,
,,
,,
,,
,,
,,
,,
,,
,,
,,
,,
,,
,,
,,
,,
,,
,,
,,
,,
,,
,,
,,
,,
,,
,,
,,
,,
2025-08-02 22:26,Anci,Komornyik
,,
,,
2025-08-04 21:46,D√≥ri,z√∂ldf√ºl≈±
,,
,,
,,
,,
,,
,,
,,
,,
,,
,,
,,
,,
2025-08-05 19:09,Eni,Miszli(kbe szedi sz√©t)
,,
,,
,,
,,
2025-08-11 21:59,D√≥ri,zsiv√°ny
2025-08-12 17:31,Eni,Hablatyol
2025-08-13 0:04,Eni,K√ºty√º
,,
2025-08-15 11:40,Eni,K√≥kler
2025-08-20 20:09,Eni,Brig√°d
,,
2025-08-21 16:04,Eni,Nyal√°nks√°g
,,
,,
,,
2025-08-23 13:17,Eni,Csevapcsicse/csevapcsicsa
,,
,,
,,
2025-08-24 0:23,D√≥ri,frenetikus
,,
,,
,,
,,
,,
,,
2025-08-26 18:34,Anci,Sanyar√∫
2025-08-26 20:21,Eni,K√©z a k√©zben j√°rnak
,,
,,
,,
,,
2025-08-28 0:28,Eni,M√°lh√°s teh√©n
,,
,,
,,
,,
,,
,,
,,
,,
,,
,,
,,
,,
2025-08-29 11:34,D√≥ri,rakonc√°tlan
,,
2025-08-30 18:06,Eni,Sp√°niel
,,
,,
,,
,,
,,
,,
,,
,,
,,
,,
,,
,,
,,
,,
,,
,,
,,
,,
,,
,,
,,
,,
,,
2025-08-31 21:05,Eni,Cudar
2025-09-05 10:02,Anci,A hideg is kilel
2025-09-05 11:24,Anci,Hideglel√©s
,,
,,
2025-09-06 11:44,D√≥ri,bar√°ts√°got √°pol
,,
,,
2025-09-07 12:17,Eni,Mazsola
,,
,,
,,
,,
2025-09-08 14:04,Anci,Mindk√©t sz√≥ nagyon tetszik  de p≈ërepar√°d√© viszi!
2025-09-09 19:45,D√≥ri,h√°nyattatott sors
,,
,,
,,
2025-09-10 8:57,D√≥ri,h√°zs√°rtos
,,
2025-09-12 20:24,Anci,P√°cient√∫ra
,,
,,
,,
,,
,,
,,
,,
,,
2025-09-13 12:05,Eni,Megesik hogy a csiga elesik
2025-09-14 16:30,D√≥ri,H√©jal√°s
,,
,,
2025-09-15 8:42,Anci,L√©putca
,,
2025-09-19 22:16,Anci,Flottul megy
,,
2025-09-20 0:06,Eni,Flotta
2025-09-21 13:55,Eni,Musk√°tli
,,
,,
,,
2025-09-22 15:27,D√≥ri,√©henk√≥r√°sz
,,
,,
,,
2025-09-25 9:11,Anci,B√∂szme
,,
,,
2025-09-27 15:41,Eni,Zsakett
,,
,,
,,
2025-09-28 10:43,D√≥ri,berezel
2025-09-29 22:15,Anci,Felsejlik
2025-09-29 22:19,D√≥ri,de kellemes!
,,
2025-09-30 14:28,Eni,Flanci manci
,,
,,
2025-10-01 15:39,Anci,Gaty√°ba r√°z
2025-10-02 15:25,Anci,Kalyiba
,,
,,
,,
,,
,,
,,
,,
,,
2025-10-03 0:07,Eni,√ñsszet√°kolt
,,
,,
,,
,,
,,
,,
,,
,,
,,
,,
,,
,,
,,
,,
,,
2025-10-08 9:01,Anci,Parittya
,,
,,
2025-10-09 9:37,Eni,Cs√∫zli
2025-10-10 0:30,Eni,Pegazus
2025-10-11 20:27,Eni,Megszeppent
,,
,,
,,
,,
,,
,,
,,
,,
,,
,,
,,
2025-10-12 8:35,Anci,P√°kula
,,
,,
,,
,,
,,
,,
,,
2025-10-14 16:16,Eni,Susmus
,,
2025-10-15 13:22,Anci,Nyom a latba
,,
,,
,,
,,
2025-10-15 21:29,Eni,Taliga
,,
,,
2025-10-16 20:59,Eni,H√≠g
,,
,,
2025-10-17 11:59,Eni,Az √©n heppem
,,
,,
,,
2025-10-18 9:44,Eni,√âszl√©ny
,,
,,
,,
,,
,,
2025-10-20 10:25,D√≥ri,g√°cs√©r
,,
,,
,,
,,
,,
,,
,,
2025-10-21 7:23,Eni,Balf√°c√°n
,,
,,
,,
,,
,,
2025-10-24 0:41,D√≥ri,treh√°ny
2025-10-25 0:05,Eni,Cinc√°l
,,
2025-10-26 0:23,Eni,Hebehurgya
,,
2025-10-28 14:58,Eni,Kisilabiz√°l
,,
,,
,,
,,
2025-10-29 11:03,Eni,Foh√°sz
,,
,,
2025-10-30 18:42,Eni,Kotkod√°csol
2025-10-31 9:30,Anci,Partvis
2025-11-02 20:55,Anci,Kord√©
